Question_id,score,answers
1,4,السورة رقم 2 في القرآن
1,4,السورة الثانية في القرآن
1,4,ثاني سورة في القرآن
1,5,أطول سورة في القرآن الكريم هي سورة البقرة
1,5,البقرة
1,5,السورة هي البقرة
1,5,اطول سورة هي البقرة
1,5,البقرة هي اطول سورة
1,5,هي البقرة
1,5,سورةالبقرة 
1,4,سورة البقرة في القرآن
1,5,البقرة هي أطول سورة في الكتاب المقدس
1,5,سورة البقرة هي السورة الأطول في القرآن الكريم
1,4,في القرآن، أطول سورة هي البقرة
1,3,سورة البقرة تأتي في المرتبة الثانية في القرآن
1,4,البقرة هي السورة الثانية والأطول في القرآن
1,4,سورة البقرة تحتل المرتبة الثانية في ترتيب السور
1,3,البقرة هي سورة القرآن الثانية وأطولها
1,4,سورة البقرة هي السورة الثانية وأكبر سورة في القرآن الكريم
1,4,في الكتاب المقدس، البقرة هي أطول سورة
1,3,سورة البقرة هي السورة الثانية في القرآن
1,4,البقرة هي سورة القرآن الثانية والأطول في الكتاب المقدس
1,2,سورة البقرة تأتي في المرتبة الثانية في ترتيب السور
1,5,سورة البقرة هي أطول سورة في القرآن
1,5,تعد سورة البقرة أطول سورة في القرآن
1,5,أطول سورة في القرآن هي سورة البقرة
1,3,سورة البقرة تأتي في المرتبة الأولى من حيث الطول في القرآن
1,3,سورة البقرة تحتل المرتبة الأعلى من حيث الطول في القرآن
1,3,في القرآن، تأتي سورة البقرة في صدارة السور من حيث الطول
1,4,سورة البقرة هي السورة الأكثر طولًا في القرآن
1,5,في القرآن الكريم، تُعتبر سورة البقرة هي الأطول
1,4,هناك سورة واحدة تبرز في القرآن بطولها، وهي سورة البقرة
1,4,سورة البقرة هي السورة ذات الطول الأكبر في القرآن الكريم
1,4,سورة البقرة هي الأطول من بين سور القرآن
1,4,سورة البقرة تعتبر الأطول من حيث عدد آياتها في القرآن
1,4,السورة الأطول في القرآن هي سورة البقرة
1,4,سورة البقرة تأتي في المقدمة من حيث الطول في القرآن
1,4,سورة البقرة تحتوي على أكبر عدد من الآيات في القرآن
1,3,السورة التي تأتي في الصدارة بالنسبة للطول في القرآن هي سورة البقرة
1,4,سورة البقرة تحتل المرتبة الأولى بين سور القرآن من حيث الطول
1,3,سورة البقرة تعد أطول سورة في القرآن من حيث مدة تلاوته
1,2,السورة الأكثر تفصيلاً وشمولًا في القرآن هي سورة البقرة
1,3,في القرآن الكريم، تأتي سورة البقرة في الصدارة بالنسبة للطول
1,2,سورة البقرة تحتوي على أكبر عدد من الصفحات في القرآن
1,2,سورة البقرة تعتبر السورة الأكثر تفصيلاً وشمولًا في القرآن
1,2,السورة التي تستغرق أطول وقت لتلاوتها هي سورة البقرة
1,2,سورة البقرة تحتوي على أعلى عدد من الكلمات في القرآن
1,2,سورة البقرة تعد السورة الأكثر تفصيلاً وغنىً في مضمونها في القرآن
1,2,سورة البقرة تحتوي على أكبر عدد من الفقرات في القرآن
1,2,السورة الأكثر ضخامة في القرآن هي سورة البقرة
1,2,سورة البقرة تتميز بأنها السورة الأكثر تفصيلاً وتعقيدًا في القرآن
1,3,سورة البقرة تحتل المرتبة الأولى بين سور القرآن من حيث الحجم والطول
1,0,أطول سورة في القرآن هي
1,0,أطول سورة في القرآن هي سورة النجم
1,0,سورة القدر
1,0,سورة الفاتحة
1,0,سورة الإخلاص
1,0,الفلق
1,0,أطول سورة في القرآن هي سورة الكوثر
1,0,أطول سورة في القرآن هي سورة النصر
1,0,هي سورة الكافرون
1,0,أطول سورة في القرآن هي سورة العصر
1,0,سورة الفيل
1,0,سورة الهمزة
1,0,قريش
1,0,أطول سورة في القرآن هي سورة العاديات
1,0,أطول سورة في القرآن هي سورة الأسراء
1,0,سورة الروم
1,0,أطول سورة في القرآن هي سورة الشمس
1,0,الضحى
1,0,سورة الإنسان
2,5,اقصر واحدة هي الكوثر
2,5,الكوثر
2,5,الكوثرهي اقصر سورة
2,5,هي الكوثر
2,5,سورةالكوثر
2,5,اقصر سورة في القرآن هي الكوثر
2,5,اقصر سورة هي الكوثر
2,5,أقصر سورة في القرآن الكريم هي سورة الكوثر
2,5,أقصر سورة في القرآن الكريم هي:الكوثر
2,5,الكوثرهي اقصر سورة في القران
2,5,أقصر سورة في القرآن الكريم هي سورة الكوثر
2,5,أقصر سورة في القرآن الكريم هي: الكوثر
2,5,الكوثرهي اقصر سورة في القران
2,5,سورة الكوثر هي الأقصر في القرآن
2,5,سورة الكوثر هي الأقصر في القرآن الكريم
2,5,الكوثر هي أقصر سورة في القرآن
2,1,سورة الكوثر هي السورة رقم 108 في القرآن الكريم
2,3,الكوثر هي سورة قصيرة تتألف من ثلاث آيات
2,2,سورة الكوثر تعد واحدة من السور المكية
2,2,الكوثر هي سورة مكية نزلت على النبي محمد صلى الله عليه وسلم
2,1,سورة الكوثر تعبر عن فضل الله على النبي محمد صلى الله عليه وسلم
2,1,الكوثر تعني الخير والنعمة الوفيرة التي وهبها الله
2,1,سورة الكوثر تبين عظمة الله وكرمه تجاه النبي صلى الله عليه وسلم
2,1,الكوثر تحث على شكر الله والرجوع إليه في كل الأمور
2,1,سورة الكوثر تحمل في مضمونها الرسالة الإيمانية والتوجيه الإلهي
2,2,الكوثر تذكر المسلمين بأهمية الشكر والامتنان لنعم الله
2,5,الكوثر هي أقصر سورة في القرآن الكريم
2,5,سورة الكوثر هي أقصر سورة في القرآن
2,4,تعتبر سورة الكوثرأصغر سورة في القرآن الكريم
2,4,سورة الكوثر تأتي في المرتبة الأولى من حيث القصر في القرآن
2,5,أقصر سورة في القرآن هي سورة الكوثر
2,4,في القرآن، تأتي سورة الكوثر في صدارة السور من حيث القصر
2,4,سورة الكوثر تحتل المرتبة الأدنى من حيث الطول في القرآن
2,4,السورة الأقل طولًا في القرآن هي سورة الكوثر
2,3,سورة الكوثر هي السورة التي تأتي في النهاية بالنسبة للقصر في القرآن
2,4,سورة الكوثر هي السورة الأقل طولًا في القرآن
2,2,سورة الكوثر تحتوي على عدد قليل جدًا من الكلمات والآيات
2,3,سورة الكوثر هي السورة ذات القصر الأكبر في القرآن الكريم
2,4,في القرآن الكريم، تُعتبر سورة الكوثر هي الأقصر
2,1,سورة الكوثر هي السورة التي يتعلمها الأطفال في بداية دراسة القرآن
2,3,هناك سورة واحدة تبرز في القرآن بقصرها، وهي سورة الكوثر
2,2,سورة الكوثر تحتوي على عدد قليل جدًا من الكلمات والآيات
2,2,في سورة الكوثر، يتم التركيز على فضل الله وكرمه للنبي محمد صلى الله عليه وسلم
2,2,سورة الكوثر تتميز بأنها السورة الأقل تعقيدًا في القرآن
2,1,سورة الكوثر تحتوي على رسالة قصيرة وهامة للمؤمنين
2,2,سورة الكوثر تعد واحدة من السور القصيرة والمفيدة في القرآن
2,2,سورة الكوثر تعلمنا أن العمل الصالح والإحسان هما طريق النجاح والسعادة
2,2,سورة الكوثر تذكرنا بأن الله هو المنعم الحقيقي والمؤتمن على كل خير
2,2,سورة الكوثر تعد بمثابة تذكير للمسلمين بأهمية العطاء والسخاء
2,2,في سورة الكوثر، يوجه الله تعالى النبي محمد صلى الله عليه وسلم بالشكر والحمد
2,2,في سورة الكوثر، يتم تشجيع المسلمين على العمل الصالح والعطاء
2,2,سورة الكوثر تعلم المسلمين أن النجاح الحقيقي يأتي من الله وبفضله
2,2,في سورة الكوثر، يتم حث المسلمين على البذل والعطاء للمحتاجين
2,2,سورة الكوثر تحثنا على السخاء والعطاء للآخرين
2,2,سورة الكوثر تدعو المسلمين إلى الاحتفال بنعم الله والشكر له
2,2,سورة الكوثر تذكرنا بأن الله هو الكافي والمعطي الكريم
2,2,في سورة الكوثر، يتم التركيز على أهمية التواضع والشكر لله
2,2,سورة الكوثر تذكرنا بأن الله يمنحنا الخير بغزارة وسخاء
2,2,سورة الكوثر تعلمنا أن الله يحب العمل الصالح والعبادة الخالصة
2,0,أقصر سورة في القرآن هي سورة الفاتحة
2,0,هي سورة الإخلاص
2,0,الفلق
2,0,النصر هي أقصر سورة في القرآن الكريم
2,0,سورة الكافرون الأقصر في الكتاب المقدس
2,0,سورة قريش
2,0,سورة العاديات
2,0,سورة الاسراء
2,0,سورة الضحى
2,0,سورة الشمس
2,0,الروم
2,0,هي سورة العصر
2,0,سورة الفيل
2,0,سورة الهمزة
2,0,البقرة
3,5,اسم زوجة فرعون في القرآن الكريم هي أسية بنت مزاحم
3,4,أسية هو اسم زوجة فرعون
3,4,اسم زوجته هو أسية
3,4,اسمها هوأسية
3,4,اسم زوجة فرعون هوأسية
3,4,اسمها:أسية
3,4,أسية
3,5,أسية بنت مزاحم
3,4,اسم زوجة فرعون والتي ذكرت في القرآن الكريم هوأسية
3,4,في القرآن الكريم، اسم زوجة فرعون هو أسية بنت مزاحم
3,4,أسية هي الزوجة التي ذكرت في القرآن الكريم مع فرعون
3,4,في الكتاب المقدس، أسم زوجة فرعون هو أسية
3,5,أسية بنت مزاحم كانت زوجة فرعون
3,4,زوجة فرعون في القرآن الكريم هي أسية
3,5,في القرآن الكريم، زوجة فرعون تدعى أسية بنت مزاحم
3,4,أسية هي الزوجة التي تحدث عنها القرآن في قصة فرعون
3,4,في الكتاب المقدس، يُذكر اسم زوجة فرعون بأسية
3,5,أسية بنت مزاحم، هي الزوجة التي ذكرت في القرآن مع فرعون
3,4,في سفر القرآن، يذكر اسم زوجة فرعون بأسية
3,4,أسية هي امرأة فرعون التي ذُكرت في الكتاب المقدس
3,4,في القرآن، يتحدث عن زوجة فرعون واسمها أسية
3,5,أسية بنت مزاحم، الزوجة التي ذُكرت مع فرعون في القرآن
3,5,في القرآن الكريم، امرأة فرعون تُدعى أسية بنت مزاحم
3,4,أسية هي الزوجة التي تظهر في القصة مع فرعون في القرآن
3,4,في الكتاب المقدس، يُذكر اسم زوجة فرعون بأسية
3,5,أسية بنت مزاحم، زوجة فرعون الذكرى في القرآن
3,4,في القرآن الكريم، يُذكر اسم زوجة فرعون بأسية
3,4,أسية هي الزوجة التي ذُكرت في قصة فرعون في الكتاب المقدس
3,5,زوجة فرعون في القرآن تُدعى أسية بنت مزاحم
3,5,أسية بنت مزاحم، امرأة فرعون في القرآن الكريم
3,5,أسية بنت مزاحم
3,4,اسم زوجة فرعون والتي ذكرت في القرآن الكريم هو أسية
3,5,في القرآن الكريم، اسم زوجة فرعون هو أسية بنت مزاحم
3,4,أسية هي الزوجة التي ذكرت في القرآن الكريم مع فرعون
3,4,في الكتاب المقدس، أسم زوجة فرعون هو أسية
3,5,أسية بنت مزاحم كانت زوجة فرعون
3,4,زوجة فرعون في القرآن الكريم هي أسية
3,5,في القرآن الكريم، زوجة فرعون تدعى أسية بنت مزاحم
3,4,أسية هي الزوجة التي تحدث عنها القرآن في قصة فرعون
3,4,في الكتاب المقدس، يُذكر اسم زوجة فرعون بأسية
3,5,أسية بنت مزاحم، هي الزوجة التي ذكرت في القرآن مع فرعون
3,4,في سفر القرآن، يذكر اسم زوجة فرعون بأسية
3,4,أسية هي امرأة فرعون التي ذُكرت في الكتاب المقدس
3,4,في القرآن، يتحدث عن زوجة فرعون واسمها أسية
3,5,أسية بنت مزاحم، الزوجة التي ذُكرت مع فرعون في القرآن
3,5,في القرآن الكريم، امرأة فرعون تُدعى أسية بنت مزاحم
3,4,أسية هي الزوجة التي تظهر في القصة مع فرعون في القرآن
3,4,في الكتاب المقدس، يُذكر اسم زوجة فرعون بأسية
3,5,أسية بنت مزاحم، زوجة فرعون الذكرى في القرآن
3,4,في القرآن الكريم، يُذكر اسم زوجة فرعون بأسية
3,4,أسية هو الزوجة التي ذُكرت في قصة فرعون في الكتاب المقدس
3,5,زوجة فرعون في القرآن تُدعى أسية بنت مزاحم
3,5,أسية بنت مزاحم، امرأة فرعون في القرآن الكريم
3,4,اسم زوجة فرعون والتي ذكرت في القرآن الكريم هو أسية
3,5,في القرآن الكريم، اسم زوجة فرعون هو أسية بنت مزاحم
3,4,أسية هو الزوجة التي ذكرت في القرآن الكريم مع فرعون
3,4,في الكتاب المقدس، أسم زوجة فرعون هو أسية
3,5,أسية بنت مزاحم كانت زوجة فرعون
3,4,زوجة فرعون في القرآن الكريم هي أسية
3,5,في القرآن الكريم، زوجة فرعون تدعى أسية بنت مزاحم
3,4,أسية هي الزوجة التي تحدث عنها القرآن في قصة فرعون
3,4,في الكتاب المقدس، يُذكر اسم زوجة فرعون بأسية
3,5,أسية بنت مزاحم، هي الزوجة التي ذكرت في القرآن مع فرعون
3,4,في سفر القرآن، يذكر اسم زوجة فرعون بأسية
3,4,أسية هي امرأة فرعون التي ذُكرت في الكتاب المقدس
3,4,في القرآن، يتحدث عن زوجة فرعون واسمها أسية
3,5,أسية بنت مزاحم، الزوجة التي ذُكرت مع فرعون في القرآن
3,5,في القرآن الكريم، امرأة فرعون تُدعى أسية بنت مزاحم
3,3,أسيا
3,3,أسيا - وفقًا للتراث اليهودي
3,3,زوجة فرعون تُدعى أسيا
3,3,أسيا هي اسم زوجة فرعون
3,3,يُدعى أسم زوجة فرعون بأسيا
3,3,اسم زوجة فرعون هو أسيا
3,3,يُشار إلى زوجة فرعون بأسم أسيا
3,3,تعرف زوجة فرعون باسم أسيا
3,3,أسيا هي الاسم الذي يطلق على زوجة فرعون
3,,زوجة فرعون معروفة بأسم أسيا
3,3,الاسم الصحيح لزوجة فرعون هو أسيا
3,3,أسية - وفقًا للتراث اليهودي
3,4,زوجة فرعون تُدعى أسية
3,4,أسية هي اسم زوجة فرعون
3,4,يُدعى أسم زوجة فرعون أسية
3,4,اسم زوجة فرعون هو أسية
3,,يُشار إلى زوجة فرعون بأسم أسية
3,4,تعرف زوجة فرعون باسم أسية
3,4,أسية هي الاسم الذي يطلق على زوجة فرعون
3,4,زوجة فرعون معروفة بأسم أسية
3,4,الاسم الصحيح لزوجة فرعون هو أسية
3,0,سارة
3,0,اسم الصحيح لزوجة فرعون هو
3,0,زوجة فرعون
3,0,عائشة
3,0,فاطمة
3,0,خديجة
3,0,مريم
3,0,زينب
3,0,أسماء
3,0,حفصة
3,0,رقية
3,0,صفية
3,0,سمية
3,0,ريحانة
3,0,جويرية
3,0,ميمونة
3,0,هند
3,0,أمينة
3,0,حبيبة
4,5,السيدة خديجة كانت تكبر النبي محمد صلى الله عليه وسلم بخمس عشرة سنة
4,5,السيدة خديجة كانت تكبر النبي محمد صلى الله عليه وسلم بخمسة عشرةعاما
4,5,كانت تكبرالنبي بخمس عشرةعاما
4,5,كانت تكبر النبي ص بخمس عشرةعاما
4,5,كانت تكبر النبي ص بخمس عشرة سنة
4,5,كانت تكبر النبي ص ب15 سنة
4,5,كانت تكبر النبي ص ب15 عشرةعاما
4,5,تكبره ب15 عشرةعاما
4,5,15
4,5,خمسةعشرةعاما
4,5,خمس عشرة سنة
4,5,السيدة خديجة كانت تكبر النبي محمد صلى الله عليه وسلم بخمس عشرة سنة
4,5,السيدة خديجة كانت تكبر النبي محمد صلى الله عليه وسلم بخمسة عشرة عاما
4,5,كانت تكبر النبي بخمس عشرة عاما
4,5,كانت تكبر النبي صلى الله عليه وسلم بخمس عشرة عاما
4,5,كانت تكبر النبي صلى الله عليه وسلم بخمس عشرة سنة
4,5,كانت تكبر النبي صلى الله عليه وسلم بـ15 سنة
4,5,كانت تكبر النبي صلى الله عليه وسلم بـ15 عشرة عاما
4,5,تكبره بـ15 عشرة عاما
4,5,كانت تكبره بـ15 سنة
4,5,كانت تكبره بـ15 عاما
4,5,السيدة خديجة كانت أكبر من النبي محمد صلى الله عليه وسلم بخمس عشرة سنة
4,5,بفارق خمس عشرة سنة، كانت السيدة خديجة أكبر من النبي محمد صلى الله عليه وسلم
4,5,كانت السيدة خديجة تفوق النبي محمد صلى الله عليه وسلم في العمر بخمس عشرة سنة
4,5,كانت السيدة خديجة تفوق النبي محمد صلى الله عليه وسلم في العمر ب  15
4,5,بفارق العمر بينهما البالغ خمس عشرة سنة، كانت السيدة خديجة تكبر النبي محمد صلى الله عليه وسلم
4,5,الفارق العمري بين السيدة خديجة والنبي محمد صلى الله عليه وسلم كان خمس عشرة سنة، حيث كانت تكبره
4,5,كانت السيدة خديجة في مقام الكبر والفضل العمري على النبي محمد صلى الله عليه وسلم بخمس عشرة سنة
4,5,بفضل فارق الأعمار البالغ خمس عشرة سنة، كانت السيدة خديجة تكبر النبي محمد صلى الله عليه وسلم
4,5,السيدة خديجة كانت أكبر سنًا من النبي محمد صلى الله عليه وسلم بخمس عشرة سنة
4,5,كانت السيدة خديجة تفوق النبي محمد صلى الله عليه وسلم في العمر بخمس عشرة سنة كاملة
4,5,الفارق العمري بين السيدة خديجة والنبي محمد صلى الله عليه وسلم كان خمس عشرة سنة تمامًا
4,5,الفارق العمري بين السيدة خديجة والنبي محمد صلى الله عليه وسلم كان خمسة عشر عامًا
4,5,السيدة خديجة تفوق النبي محمد صلى الله عليه وسلم في العمر بخمسة عشر عامًا
4,5,كانت السيدة خديجة أكبر سنًا من النبي محمد صلى الله عليه وسلم بخمسة عشر عامًا
4,5,في الفترة الزمنية بينهما التي تبلغ خمسة عشر عامًا، كانت السيدة خديجة تكبر النبي محمد صلى الله عليه وسلم
4,5,بفضل فجوة العمر التي تبلغ خمسة عشر عامًا، كانت السيدة خديجة تفوق النبي محمد صلى الله عليه وسلم في العمر
4,5,كانت أكبر من النبي محمد صلى الله عليه وسلم بخمسة عشر عامًا كاملة
4,5,كانت السيدة خديجة تفوق النبي محمد صلى الله عليه وسلم في العمر بخمسة عشر عامًا تمامًا
4,5,الفارق العمري بين النبي محمد صلى الله عليه وسلم والسيدة خديجة كان خمسة عشرة عامًا
4,0,السيدة خديجة كانت أصغر من النبي محمد صلى الله عليه وسلم بخمسة عشر عامًا
4,0,16
4,0,كانت السيدة خديجة تفوق النبي 
4,0,كانت أكبر من النبي
4,0,11
4,0,السيدة خديجة كانت تكبر الرسول صلى الله عليه وسلم بـ 30 عامًا
4,0,السيدة خديجة كانت تكبر الرسول صلى الله عليه وسلم بـ 9 عامًا
4,0,بالنسبة للفارق العمري بين السيدة خديجة والرسول صلى الله عليه وسلم، كانت تكبره بـ 9
4,0,كان الرسول صلى الله عليه وسلم أكبر سنًا من السيدة خديجة بـ 15 عامًا
4,0,الرسول صلى الله عليه وسلم كان أصغر من السيدة خديجة بـ 30 عامًا
4,0,السيدة خديجة كانت أصغر من الرسول صلى الله عليه وسلم بعشرين عامًا
4,0,2
4,0,عشرين عامًا
4,0,23
5,4,الثّناء للشّيء فعل ما يشعر بتعظيمه
5,4,الكلام الجميل وفعل ما يُشعر الغير بالتعظيم
5,4,هو ذكر الغير بالخير
5,3,هو المديح
5,5,كل ما يقوم به الفرد من حديث وكلامٍ فيه تعظيم لله عز وجل
5,5,الاعتراف بفضل الله الكبير على البشرية
5,4,ما يذكر في محامد الناس فيتثنى حالا فحالا ذكره
5,3,الدعاء بفضل الله الكبير 
5,3,شكر الله على النعم 
5,3,شكر الله في الدعاء
5,3,الدعاء بأسمائه وصفاته العظيمة
5,4,يناجي الله ويحمده
5,4,الدعاء والتضرع له
5,4,جعل الدعاء لائقاً أكثر أمام الله
5,4,كثرة الدعاء
5,4,شكره على نعمه الكثيرة
5,1,بالصلاة والدعاء
5,1,بالصلاة
5,1,الدعاء الكثير
5,1,الحمد والشكر له
5,1,التأمل في آيات الله والتفكر في خلقه
5,2,التسبيح بحمد الله في جميع الأوقات
5,2,العمل الصالح والخدمة للآخرين
5,2,توجيه الشكر للناس على لطفهم
5,1,الابتسامة ونشر السعادة حولك
5,1,تقديم المساعدة والعون للمحتاجين
5,1,الاستسلام لعظمة الله ورفعه
5,1,تقدير الله وفعل الخير بتوجيهاته
5,1,التأمل في عظمة الخلق وابتهاج بخلق الله
5,1,التفكر في آيات الله وتحديد الفوائد منها
5,2,الاحترام لكل مظهر من مظاهر خلق الله
5,2,الامتنان لرحمة الله في كل لحظة
5,2,الالتفات للطبيعة والإشارة إلى إبداع الخالق
5,2,التواضع والاستشعار بأن كل شيء منح من الله
5,2,الصدق والإخلاص في العمل تحت إشراف الله
5,2,السعي للخيرات باتباع هدي الله
5,3,العمل الدائم على تحسين النفس بمساعدة الله
5,3,الابتهاج بفضائل الله في القرآن
5,3,التفاؤل والثقة بالله في كل الأمور
5,3,الدعاء بالهداية والرحمة للجميع
5,3,النظر إلى السماء والتأمل في عظمة الكون
5,3,الالتزام بالأخلاق الإسلامية في الحياة اليومية
5,3,الدعاء بالشفاء للمرضى والمحتاجين
5,2,العمل الخيري والتبرع بالوقت والمال
5,2,الثقة الكاملة في قدرة الله على حل المشاكل
5,2,الركوع والسجود كعلامة للتذلل أمام الله
5,2,الاستماع إلى آيات الله بتأمل واعتبار
5,2,التواضع والرضا بقضاء الله وقدره
5,2,الشكر لله في كل نعمة صغيرة وكبيرة
5,1,التدبر في حكم الله في الواقع اليومي
5,1,تقدير قدرة الله على خلق الحياة
5,1,الاستغفار والعودة إلى الله بعد الزلات
5,1,التفكير في عظمة الله في خلق الإنسان
5,1,الرضا بما قسمه الله والاستسلام للقدر
5,1,البحث عن الحكمة في أحكام الله
5,1,الابتهاج بتحقيق الأمنيات برعاية الله
5,1,التذكير بفضل الله في السعادة والنجاح
5,1,العمل الجاد والاجتهاد بنية إرضاء الله
5,3,التحلي بالصبر في مواجهة التحديات
5,3,الاستماع إلى القرآن وتأمل معانيه
5,3,البحث عن الحقيقة والمعرفة بإرشاد الله
5,3,الاعتزاز بالإسلام وتقدير نعم الهداية
5,3,الاستغفار والتوبة لرضا الله العلي القدير
5,3,الحفاظ على النعمة الصحية بشكر الله
5,3,المشاركة في الأعمال الخيرية بتوجيه الله
5,3,التفكير في عمق السماء وابتهاج بخلق الله
5,3,الاعتناء بالبيئة احتراماً لخلق الله
5,3,التفاؤل بالخير والبركة من الله
5,2,التواضع والاستقامة في العمل والعبادة
5,2,التدبر في معاني الأذكار والأدعية
5,2,التحلي بالأخلاق الإسلامية في التعامل
5,2,الابتهاج بالنجاحات الصغيرة بتوفيق الله
5,2,الصدق والنية الطيبة في الأعمال اليومية
5,2,التذكير بفضل الله في الراحة والأمان
5,2,الاحتفاء بذكرى نعم الله في الحياة
5,2,التفكير في عظمة الله في خلق الطبيعة
5,2,الابتسامة والفرح باللحظات الجميلة
5,2,العمل بنية خدمة الآخرين بتوجيه الله
5,1,التفكير في عظمة الله في إبداع الألوان
5,1,الدعاء بالراحة والتسهيل في الحياة
5,1,التركيز على الشكر والامتنان يومياً
5,1,الاستعانة بالله في كل القرارات
5,3,التواصل الجيد مع الآخرين بتوجيه الله
5,2,التأمل في حكمة الله في توجيه الأمور
5,1,الرغبة في تحقيق الخير بإرادة الله
5,3,التفكير في عظمة الله في تنوع الكائنات
5,3,التواضع والاستشعار برعاية الله الدائمة
5,0,الثناء على الله هو عبادة أشياء أخرى بجانبه
5,0,الثناء على الله هو تجاهل وجوده
5,0,هو القسوة والظلم
5,0,عدم الاعتراف بقدرته
5,0,هو تكريس العبادة لآلهة أخرى
5,0,الثناء على الله هو الشك والتردد في وجوده
5,0,الثناء على الله هو الإساءة والسب والشتم
5,0,هو الانحراف عن طريق الحق
5,0,الثناء على الله هو الجحود وعدم الاعتراف بنعمه
5,0,الثناء على الله هو الاستهزاء والسخرية منه
5,0,الثناء على الله هو الانكار والجحود لرسله
5,0,الثناء على الله هو التحريف والتزوير في كتابه
5,0,الثناء على الله هو الاستغفال والتضليل للناس
5,0,هو الإلحاد والتكفير
5,0,الخداع والغش في العبادة
5,0,لثناء على الله هو العبادة للأصنام والأوثان
5,0,الثناء على الله هو الاعتقاد بأنه غير قادر على الخلق والبناء
6,5,الصِّحة رزق، والأبناء رزق، والصُّحبة الصالحة رزق، والزوجة الصالحة رزقٌ لزوجها، وكذلك الزوج الصالح رزقٌ لزوجته، والوالدان رزق، والإيمان رزق، والعمل الصالح الذي يعمله العبد رزق، إلى غير ذلك من الأمور.
6,3,المال
6,3,الصحة
6,3,الابناء
6,3,الصحبة الصالحة
6,3,الزوجة الصالحة 
6,3,كل ما ينتفع به من مال او زرع 
6,3,هو ما يتهيأ للعبد من الله عز وجل بلا سعي منه ولا نية لتحصيله
6,5,هو ما يقسم الله تعالى لعباده من الطَعام والشراب واللباس
6,4,كل ما يمكن الانتفاع به واستهلاكه
6,3,الوالدان
6,3,الإيمان
6,3,العمل الصالح
6,5,الرزق هو جميع ما يأتي من الله للإنسان من نعم ورحمة
6,5,ما يُعطى للإنسان من الله تعالى من الطعام والشراب والمال والأولاد
6,4,رزق الإنسان يشمل كل ما يحتاجه للحياة الكريمة والاستمرار
6,2,هو اللطف والعناية التي يُولى الله بها لخلقه
6,3,كل ما يتمتع به الإنسان من خيرات الحياة
6,1,الرزق هو كل ما يُعطى للإنسان من الله ليعيش حياة كريمة
6,5,رزق الإنسان يشمل النعم المادية والروحية التي يحتاجها في حياته
6,2,رزق الإنسان هو اللهونة والعناية التي يُولى إليها من قِبل الله
6,4,الرزق هو النعم والفضائل التي يُعطيها الله للإنسان
6,4,كل ما يأتي من الله للإنسان من فضل ونعمة
6,3,الرزق هو كل ما يحتاجه الإنسان للعيش بكرامة
6,5,كل ما يأتي للإنسان من الله سواء كان مالًا أو صحة أو عقل
6,3,رزق الإنسان يشمل كل ما يُعينه على العيش براحة
6,3,الرزق هو كل ما يُمكن الإنسان من العيش بكرامة واستقرار
6,3,رزق الإنسان يشمل النعم الروحية والمادية
6,2,الرزق هو اللهونة والعناية التي يُولى إليها الإنسان
6,3,كل ما يأتي من الله للإنسان يُعتبر رزقًا
6,3,الرزق هو كل ما يُعطى للإنسان من الله ليحيا حياة كريمة
6,2,رزق الإنسان يشمل كل ما يُساعده على العيش براحة
6,3,كل ما يأتي للإنسان من الله يُعتبر جزءًا من رزقه
6,2,الرزق هو اللهونة والعناية التي يُولى الله بها لخلقه
6,3,كل ما يأتي للإنسان من الله يُعتبر رزقًا من السماء
6,3,الرزق هو كل ما يحتاجه الإنسان للعيش براحة
6,1,رزق الإنسان يشمل كل ما يحتاجه في حياته اليومية
6,3,كل ما يأتي للإنسان من الله سواء كان ماديًا أو روحيًا
6,3,كل ما يأتي للإنسان من الله يُعتبر رزقًا
6,3,الرزق هو كل ما يحتاجه الإنسان للعيش براحة
6,2,الرزق هو اللهبة التي تضيء حياة الإنسان وتسهم في سعادته
6,2,كل ما يأتي من الله للفرد سواء كان ذلك في مجال الصحة أو المال أو العلم
6,2,الرزق هو النعمة التي لا يمكن للإنسان أن يحصل عليها بمفرده دون إرادة الله
6,3,كل ما يحتاجه الإنسان للعيش بكرامة هو جزء من الرزق
6,2,الرزق هو ما يمكن الإنسان من تحقيق أهدافه وتطوير حياته
6,2,الرزق هو الثقة التي يضعها الله في عباده ليتحملوا مسؤوليات الحياة
6,2,الرزق هو مظهر من مظاهر رحمة الله التي تشمل جميع جوانب حياة الإنسان
6,2,الرزق هو النعمة التي يجب على الإنسان أن يشكر الله عليها بكل حال
6,3,كل ما يأتي بفضل الله في حياة الإنسان يعتبر جزءًا من الرزق
6,3,الرزق هو اللهبة الحية التي تحافظ على حياة الإنسان
6,3,كل ما يأتي بفعل إرادة الله وبركة رحمته يعد جزءًا من الرزق
6,3,الرزق هو القوة التي تمكن الإنسان من التغلب على التحديات في حياته
6,3,الرزق هو النعمة التي تأتي من الله دون أن يكون للإنسان دور في اختيارها
6,3,الرزق هو الطاقة التي يحصل عليها الإنسان ليواجه تحديات الحياة
6,3,كل ما يسهم في تحسين جودة حياة الإنسان هو نتيجة لإرادة الله ورزقه
6,2,الرزق هو السلام والرضا الذي يشعر به الإنسان عندما يكون مقبولًا عند الله
6,3,الرزق هو النعمة التي تظهر في حياة الإنسان على شكل فرص وتحديات
6,3,الرزق هو الثقة التي يمنحها الله للإنسان ليحقق أهدافه وطموحاته
6,3,الرزق هو الحب والدعم الذي يأتي من الله ويجعل الحياة أكثر إشراقًا
6,2,الرزق هو الفرصة التي يمنحها الله للإنسان ليحقق أحلامه وطموحاته
6,3,كل ما يأتي بإرادة الله وبركة رحمته يعتبر رزقًا للإنسان
6,1,الرزق هو السرور والسعادة التي يشعر بها الإنسان عندما يكون على خير
6,3,كل ما يأتي من الله ويجعل حياة الإنسان أفضل هو جزء من الرزق
6,1,الرزق هو النعمة التي يحملها الإنسان في قلبه ويعيشها في حياته
6,0,الرزق هو الحصول على القوة السحرية والأعمال الشيطانية
6,0,الاعتماد على الحظ والأبراج الفلكية
6,0,الرزق هو القوة الجسدية والتضحية بالصحة من أجله
6,0,السيطرة على الآخرين واستغلالهم
6,0,الرزق هو الانتقام والإيذاء لأعدائك
6,0,هو الاحتكار والاستيلاء على موارد الآخرين
6,0,الرزق هو الحصول على الأمور بواسطة السحر والشعوذة
6,0,الرزق هو الاعتماد على القوى الخارقة والأرواح
6,0,الاستغلال الاقتصادي والاحتكار التجاري
6,0,العبادة والانقياد الكامل للقوى الخارقة
6,0,الاستخدام السلبي للعلوم والتكنولوجيا
6,0,الاستغلال البشري والعبودية الاقتصادية
6,0,الرزق هو العبادة للأرواح الشريرة والكائنات الخارقة
6,0,الرزق هو الاستغلال الاجتماعي والظلم الاقتصادي
6,0,الرزق هو الاستغلال البيئي وتدمير الموارد الطبيعية
6,0,هو الاعتماد على الأموال المنهوبة والمال الغير مشروع
6,0,الرزق هو الاعتماد على الألعاب المقامرة والقمار
6,0,الرزق هو السيطرة والقوة على الآخرين
6,0,الرزق هو الاستمتاع بالمتع الحرام
6,0,الرزق هو الحصول على الأمور بدون جهد
7,5,الرياء هو قيام الإنسان بأعمال صالحة بهدف أن يشاهدها الناس ويحصل على إعجابهم
7,5,في المفهوم الديني، يُعرف الرياء بأداء العبادات بهدف إظهارها للناس لنيل إعجابهم والحصول على تقديرهم
7,5,الرياء يعبر عن التضليل في أداء الأعمال الصالحة لغرض الحصول على إعجاب الناس وليس لله
7,5,يُعتبر الرياء مخالفة للنيّة الصافية في أداء العبادات، حيث يجب أن تكون النية لله وحده
7,5,في اللغة، يعني الرياء قصد الإنسان للقيام بأعمال لفت انتباه الناس وليس انطلاقاً من إيمانه الحقيقي
7,5,الرياء يظهر عندما يكون الإنسان يرغب في إظهار فعل الخير للناس دون أن يكون قلبه صافياً لله
7,5,في المعنى الشرعي، الرياء يعبر عن القيام بالأعمال لنيل رضا الناس وليس لله
7,4,الرياء يعد نوعًا من النفاق، حيث يظهر الإنسان صورة خاطئة عن نيته الحقيقية في أداء العبادات
7,4,الرياء يتعارض مع مفهوم الإخلاص والإيمان الحقيقي في العبادة
7,4,في السياق الإسلامي، يُحذر من الرياء ويشدد على أهمية الإخلاص في الأعمال الدينية
7,4,الرياء يظهر عندما يكون هدف الإنسان هو إرضاء الناس دون أن يكون همه إرضاء الله
7,4,في القرآن الكريم والسنة النبوية، يتم التأكيد على ضرورة الإخلاص في الأعمال وتجنب الرياء
7,4,الرياء يعبر عن السعي لتحقيق مظهر خارجي صالح أمام الناس دون اهتمام بالنية الحقيقية
7,4,يُعتبر الرياء من السلوكيات الخاطئة والمذمومة في الإسلام
7,2,في المفهوم الشرعي، يعتبر الرياء فشلًا في الالتزام بالإيمان والإخلاص
7,2,الرياء يشير إلى تناقض بين الظاهر والباطن في الأعمال الدينية
7,2,الرياء ينطوي على تضليل الناس بصورة غير صحيحة حول نوايا الفرد في أداء العبادات
7,2,في الفقه الإسلامي، يتم تحديد صحة العمل بناءً على النية الصافية والإخلاص لله وحده
7,2,الرياء يعبر عن انحراف النية عن الهدف الحقيقي للعبادة
7,2,الرياء يشمل إظهار العبادات للناس بغية الحصول على الشهرة والإعجاب
7,2,في السياق الإسلامي، يُعتبر الرياء إثمًا يؤثر على صحة الأعمال الدينية
7,2,الرياء يعبر عن القصد الخاطئ في أداء الأعمال الدينية
7,2,الرياء يعكس ضياع النية الصافية والإخلاص في العبادة
7,2,في الإسلام، يتم التأكيد على أهمية الإخلاص في الأعمال الدينية وتجنب الرياء
7,2,الرياء يعبر عن رغبة الإنسان في الحصول على إعجاب الناس على حساب رضى الله
7,2,الرياء يؤدي إلى فقدان قيمة الأعمال الدينية ويجعلها باطلة
7,1,الرياء يعبر عن عدم الالتزام بالنية الصافية في الطاعات
7,1,الرياء يتعارض مع مفهوم السرية في العبادات والأعمال الخيرية
7,1,الرياء يعبر عن استخدام الدين لأغراض شخصية واجتماعية
7,1,في الإسلام، يُحذر من الرياء ويشجع على النية الصافية في الطاعات
7,1,الرياء يشمل تضليل الناس بظهور صورة غير حقيقية عن الفرد في أداء العبادات
7,1,في الفقه الإسلامي، يُعتبر الرياء خيانة للنية الصافية والإخلاص
7,1,الرياء يعبر عن التناقض بين السلوك الظاهر والنية الخفية في العبادات
7,1,الرياء يعد من السلوكيات المرفوضة والتي تتنافى مع القيم الدينية
7,3,في الفهم الشرعي، الرياء يعبر عن انحراف النية عن الطريق الصحيح في العبادات
7,3,الرياء يظهر عندما يكون هدف الإنسان هو إظهار فضيلته للناس دون أن يكون قلبه خالصًا لله
7,3,الرياء يعبر عن تشويه العبادات بهدف الحصول على إعجاب الناس
7,3,في السياق الإسلامي، يُعتبر الرياء إثمًا يؤثر على صحة الأعمال الدينية
7,3,الرياء يعكس ضياع النية الصافية والإخلاص في العبادة
7,3,في الإسلام، يتم التأكيد على أهمية الإخلاص في الأعمال الدينية وتجنب الرياء
7,3,الرياء يعبر عن رغبة الإنسان في الحصول على إعجاب الناس على حساب رضى الله
7,3,الرياء يؤدي إلى فقدان قيمة الأعمال الدينية ويجعلها باطلة
7,3,الرياء يعبر عن عدم الالتزام بالنية الصافية في الطاعات
7,3,الرياء يتعارض مع مفهوم السرية في العبادات والأعمال الخيرية
7,3,الرياء يعبر عن استخدام الدين لأغراض شخصية واجتماعية
7,3,في الإسلام، يُحذر من الرياء ويشجع على النية الصافية في الطاعات
7,3,الرياء يشمل تضليل الناس بظهور صورة غير حقيقية عن الفرد في أداء العبادات
7,1,في الفقه الإسلامي، يُعتبر الرياء خيانة للنية الصافية والإخلاص
7,1,الرياء يعبر عن التناقض بين السلوك الظاهر والنية الخفية في العبادات
7,1,الرياء يعد من السلوكيات المرفوضة والتي تتنافى مع القيم الدينية
7,1,في الفهم الشرعي، الرياء يعبر عن انحراف النية عن الطريق الصحيح في العبادات
7,1,الرياء يظهر عندما يكون هدف الإنسان هو إظهار فضيلته للناس دون أن يكون قلبه خالصًا لله
7,2,الرياء يعبر عن تشويه العبادات بهدف الحصول على إعجاب الناس
7,2,في السياق الإسلامي، يُعتبر الرياء إثمًا يؤثر على صحة الأعمال الدينية
7,2,الرياء يعكس ضياع النية الصافية والإخلاص في العبادة
7,2,في الإسلام، يتم التأكيد على أهمية الإخلاص في الأعمال الدينية وتجنب الرياء
7,2,الرياء يعبر عن رغبة الإنسان في الحصول على اعجاب الاخرين عند قيامه بالعبادة
7,2,الرياء يعني أداء العبادة لله بنية الإعجاب والمدح من الناس
7,2,في اللغة، يُفهم الرياء على أنه القيام بالأعمال ليروها الناس ويمدحوا بها
7,2,الرياء يشير إلى القصد بالأعمال للحصول على إعجاب الناس وليس لله تعالى
7,2,في اللغة، الرياء يعبر عن أداء الأعمال للحصول على إشادة وإعجاب الناس
7,2,الرياء يعني أداء الأعمال للحصول على إعجاب الناس وتقديرهم
7,1,تعريف الرياء يرتبط بقصد الإنسان إظهار أعماله للناس للحصول على تقديرهم
7,4,الرياء يتضمن إخفاء النوايا الحقيقية والقيام بالأعمال للحصول على إعجاب الناس
7,4,في اللغة، الرياء يتعلق بأداء الأعمال بهدف إظهارها للناس وجذب إعجابهم
7,4,تعريف الرياء يشمل القيام بالأعمال بهدف الحصول على مدح وإعجاب الناس
7,4,الرياء يعبر عن السعي للإشادة والثناء من الناس من خلال أداء الأعمال
7,1,تعريف الرياء في الدين يعني أداء الأعمال الصالحة بهدف جذب إعجاب الناس
7,1,الرياء يشمل القيام بالأعمال بقصد جذب إعجاب وإشادة الناس
7,1,الرياء يعكس عملًا يُقدم للناس بقصد الحصول على إعجابهم
7,3,في المصطلح الإسلامي، الرياء يعتبر خطأً يتضمن إخفاء النيات الحقيقية
7,3,الرياء يشمل عملًا يُظهر للناس بنية جلب إعجابهم وتقديرهم
7,3,في اللغة، الرياء يشمل القيام بالأعمال بهدف جذب إعجاب الناس
7,3,تعريف الرياء يرتبط بقصد الإنسان جلب إعجاب الناس من خلال الأعمال
7,3,الرياء يشمل القيام بالأعمال للحصول على إعجاب الناس دون النية الحقيقية لله تعالى
7,3,تعريف الرياء يعبر عن تحويل النية في الأعمال لتحقيق إعجاب وإشادة الناس
7,3,في المصطلح الإسلامي، الرياء يعتبر مخالفة للنوايا الحقيقية في العبادات
7,3,الرياء يتضمن القيام بالأعمال لتحقيق إعجاب وإشادة الناس دون نية صافية لله تعالى
7,3,تعريف الرياء يشمل عملًا يُظهر للناس بهدف جلب إعجابهم وتحقيق التقدير
7,3,الرياء يعبر عن تعمد الشخص إظهار أعماله للناس للحصول على تقديرهم
7,3,في اللغة، الرياء يشمل القيام بالأعمال بهدف جذب إعجاب الناس
7,3,تعريف الرياء يرتبط بقصد الإنسان تحقيق الإشادة والإعجاب من الناس من خلال الأعمال
7,1,الرياء يتعلق بأداء الأعمال بهدف جلب إعجاب الناس وتحقيق التقدير
7,1,تعريف الرياء يتضمن القيام بالأعمال للحصول على إعجاب الناس دون نية صافية لله تعالى
7,1,في المصطلح الإسلامي، الرياء يعتبر مخالفة للنوايا الحقيقية في العبادات
7,1,الرياء يتضمن القيام بالأعمال لتحقيق إعجاب وإشادة الناس دون النية الحقيقية لله تعالى
7,2,تعريف الرياء يشمل عملًا يُظهر للناس بهدف جلب إعجابهم وتحقيق التقدير
7,2,الرياء يعبر عن تعمد الشخص إظهار أعماله للناس للحصول على تقديرهم
7,2,في اللغة، الرياء يشمل القيام بالأعمال بهدف جذب إعجاب الناس
7,2,تعريف الرياء يرتبط بقصد الإنسان تحقيق الإشادة والإعجاب من الناس من خلال الأعمال
7,2,الرياء يتعلق بأداء الأعمال لله بنية جلب إعجاب ومدح الناس
7,1,تعريف الرياء يتعلق بتحويل نية العمل لتحقيق إعجاب وتقدير الناس
7,0,الرياء هو الإيمان الصادق والعمل الصالح
7,0,هو الصدق والإخلاص في العبادة
7,0,الإصرار على العدل والإنصاف
7,0,الرياء هو الاهتمام برضا الله فقط دون مراعاة الناس
7,0,الرياء هو الالتزام بالقيم الأخلاقية والأخلاق الحميدة
7,0,الرياء هو الانتباه لاحتياجات الآخرين ومساعدتهم
7,0,العمل بصدق وإخلاص من أجل الله
7,0, العمل الخيري والإحسان للمحتاجين
7,0,هو الإلتزام بالعدل والأمانة في الأعمال
7,0,الرياء هو الإيثار والتضحية من أجل الآخرين
7,0,الرياء هو العمل بشكل متواضع وبعيد عن الاستعراض
7,0, العمل بالصدق والأمانة في الكلمة والعمل
7,0,الرياء هو الالتزام بالمساواة والعدل في المعاملات
7,0,الرياء هو العمل بالإخلاص والإيمان دون الاستعراض
7,0,العمل بالإخلاص والتفاني في خدمة الناس
7,0,الرياء هو الالتزام بالأخلاق والقيم السامية في الحياة
7,0,هو الاحترام والتقدير لحقوق الآخرين
7,0,الرياء هو العمل بالإيثار والمساعدة على الخير
7,0,الرياء هو العمل بالصدق والثقة والتزام الوعود
8,4,هو العمل الذي يرضي الله
8,5,العمل الصالح يعني القيام بأفعال تكون مرضية لله تعالى وتتسم بالإخلاص والامتثال لشرعه
8,5,في اللغة، العمل الصالح يشمل كل ما يفعله الإنسان بنية صافية لله ووفقًا لشريعته
8,5,تعريف العمل الصالح يتضمن القيام بأعمال تكون مقبولة عند الله وتحمل في طياتها الإخلاص والتقوى
8,5,العمل الصالح يشمل جميع الأعمال التي يقوم بها الإنسان بنية صافية لله وفقًا لتعاليم دينه
8,5,في الإسلام، العمل الصالح يشمل كل فعل يقوم به المسلم بنية الاقتراب من الله والامتثال لتوجيهاته
8,5,تعريف العمل الصالح يتطلب إخلاصًا لله والامتثال لشريعته في جميع الأعمال والأقوال
8,5,العمل الصالح يتطلب أن يكون المرء وفقًا لتوجيهات دينه وأن يكون قلبه خالصًا لله
8,5,في المفهوم الإسلامي، العمل الصالح يعبر عن التقوى والامتثال لأوامر الله بنية صافية
8,5,العمل الصالح يتسم بالإخلاص والامتثال لتعاليم الدين، ويكون للهدف من الطاعة لله
8,5,تعريف العمل الصالح يشمل كل فعل يقوم به الإنسان بنية إرضاء الله والتقرب إليه
8,5,في الإسلام، العمل الصالح يعتبر إيمانًا بأوامر الله واجتنابًا للمحرمات
8,4,العمل الصالح يتطلب من المؤمن أداء جميع الأعمال بنية الاقتراب من الله والتقرب إليه
8,4,تعريف العمل الصالح يعبر عن القيام بأفعال مرضية لله بنية خالصة وفقًا للشرع
8,4,في اللغة، العمل الصالح يعبر عن أي فعل يكون مرضيًا لله ويتسم بالإخلاص
8,4,العمل الصالح يشمل جميع الأعمال التي تقوم بها الإنسان بنية صافية لله وتحقيق للتقوى
8,4,تعريف العمل الصالح يتطلب من المؤمن أن يكون وفقًا لتعاليم دينه وبنية صافية
8,4,العمل الصالح يشمل جميع الأعمال التي تقوم بها الإنسان بنية إخلاص وامتثال للشريعة
8,4,في الإسلام، العمل الصالح يعبر عن إرادة المؤمن للامتثال لأوامر الله بصدق وإخلاص
8,4,تعريف العمل الصالح يتضمن الإخلاص والامتثال لشريعة الله في جميع الأعمال
8,4,العمل الصالح يشمل كل فعل يقوم به الإنسان بنية إرضاء الله والاقتراب منه
8,4,تعريف العمل الصالح يتضمن الامتثال لأحكام دين الإسلام والعمل بنية إخلاص
8,3,في المفهوم الإسلامي، العمل الصالح يشمل الأعمال التي تقوم بها الإنسان بنية طاعة الله
8,3,العمل الصالح يتطلب من المسلم أن يكون وفقًا للشريعة وبنية صافية لله
8,3,تعريف العمل الصالح يعبر عن الأعمال التي يقوم بها المؤمن بنية إرضاء الله
8,3,العمل الصالح يشمل جميع الأعمال التي تقوم بها الإنسان بنية الاقتراب من الله
8,3,تعريف العمل الصالح يتضمن الامتثال لأوامر الله والامتناع عن المحرمات بنية صافية
8,3,في الإسلام، العمل الصالح يتطلب من المؤمن أداء الواجبات وترك المحرمات بنية إخلاص
8,3,العمل الصالح يشمل جميع الأعمال التي تقوم بها الإنسان بنية إرضاء الله والامتثال لشريعته
8,2,تعريف العمل الصالح يعبر عن الأعمال التي يقوم بها الإنسان بنية التقرب من الله
8,2,العمل الصالح يتطلب من المؤمن أداء الفرائض والاجتناب عن المحرمات بنية خالصة
8,2,تعريف العمل الصالح يشمل الأعمال التي تقوم بها الإنسان بنية الامتثال لشرع الله
8,2,في المفهوم الإسلامي، العمل الصالح يتضمن الامتثال لأحكام دين الله بنية إخلاص
8,2,العمل الصالح يشمل جميع الأعمال التي تقوم بها الإنسان بنية الامتثال لتعاليم الدين
8,2,تعريف العمل الصالح يعبر عن الأعمال التي يقوم بها الإنسان بنية إرضاء الله والتقرب منه
8,2,العمل الصالح يتطلب من المؤمن أداء الواجبات والتحلي بالخلق الحسن بنية صافية
8,2,تعريف العمل الصالح يشمل الأعمال التي تقوم بها الإنسان بنية الامتثال لأوامر الله
8,2,في الإسلام، العمل الصالح يتطلب من المؤمن أداء الفرائض وترك المحرمات بنية خالصة
8,2,العمل الصالح يشمل جميع الأعمال التي تقوم بها الإنسان بنية إرضاء الله وتحقيق للتقوى
8,1,تعريف العمل الصالح يعبر عن الأعمال التي يقوم بها الإنسان بنية التقرب من الله
8,1,العمل الصالح يتطلب من المؤمن أداء الفرائض والتحلي بالخلق الحسن بنية صافية
8,1,تعريف العمل الصالح يشمل الأعمال التي تقوم بها الإنسان بنية الامتثال لأوامر الله
8,1,في المفهوم الإسلامي، العمل الصالح يتضمن الامتثال لأحكام دين الله بنية إخلاص
8,1,العمل الصالح يشمل جميع الأعمال التي تقوم بها الإنسان بنية الامتثال لتعاليم الدين
8,1,تعريف العمل الصالح يعبر عن الأعمال التي يقوم بها الإنسان بنية إرضاء الله والتقرب منه
8,1,العمل الصالح يتطلب من المؤمن أداء الواجبات والاجتناب عن المحرمات بنية خالصة
8,3,تعريف العمل الصالح يشمل الأعمال التي تقوم بها الإنسان بنية التقرب من الله
8,3,في المفهوم الإسلامي، العمل الصالح يتضمن الامتثال لأحكام دين الله بنية إخلاص
8,3,العمل الصالح يشمل جميع الأعمال التي تقوم بها الإنسان بنية الامتثال لتعاليم الدين
8,3,تعريف العمل الصالح يعبر عن الأعمال التي يقوم بها الإنسان بنية إرضاء الله والتقرب منه
8,3,العمل الصالح يتطلب من المؤمن أداء الواجبات والتحلي بالخلق الحسن بنية صافية
8,3,تعريف العمل الصالح يشمل الأعمال التي تقوم بها الإنسان بنية الامتثال لأوامر الله
8,3,في المفهوم الإسلامي، العمل الصالح يتضمن الامتثال لأحكام دين الله بنية إخلاص
8,3,العمل الصالح يشمل جميع الأعمال التي تقوم بها الإنسان بنية الامتثال لتعاليم الدين
8,2,تعريف العمل الصالح يعبر عن الأعمال التي يقوم بها الإنسان بنية إرضاء الله 
8,2,في سياق العمل الصالح، يعني الإخلاص أن تكون نوايا الفرد خالصة لله وليس للبشر، حيث يقوم بالأعمال الصالحة لوجه الله دون التركيز على ما يعتقده الناس
8,2,العمل الصالح يمكن أن يظهر في مختلف جوانب الحياة، سواء كان ذلك في الأعمال الخيرية، أو الأخلاق الحسنة، أو الامتثال للأوامر الدينية
8,2,في سياق العمل الصالح، يمكن أن يكون التواضع جزءًا أساسيًا، حيث يعبر الفرد عن امتنانه لله من خلال العطاء وتقديم المساعدة دون تكبر أو انتظار الشكر
8,2,العمل الصالح يشمل البذل والإحسان إلى الناس، حيث يسعى الفرد لتقديم يد العون والدعم للآخرين دون الانتظار مقابل أو مكافأة
8,4,في سياق العمل الصالح، يتعلق الأمر بتطوير النفس وتحسين العلاقات الاجتماعية، حيث يعتبر الفرد العمل الصالح فرصة للنمو الشخصي والتأثير الإيجابي على المحيط
8,4,العمل الصالح يشمل الالتزام بالعدالة وتحقيق التوازن في المجتمع، حيث يُشجع على محاربة الظلم وتعزيز العدالة والمساهمة في بناء مجتمع أكثر إنصافًا
8,4,في سياق العمل الصالح، يتعلق الأمر بالتواضع والتواصل الفعّال، حيث يُشجع على التفاعل الإيجابي مع الآخرين وبناء علاقات صحية ومثمرة
8,4,العمل الصالح يمكن أن يكون مظهرًا من مظاهر التعبير عن الشكر والامتنان، حيث يقدر الفرد نعم الله ويسعى لترجمة هذا الشعور إلى أفعال صالحة
8,4,في سياق العمل الصالح، يُؤكد على أهمية التعلم المستمر وتطوير المهارات، حيث يُعَدّ التحسن الشخصي جزءًا لا يتجزأ من الالتزام بالعمل الصالح
8,4,العمل الصالح يمكن أن يكون وسيلة للتأثير الإيجابي على البيئة، حيث يُشجع على الحفاظ على الطبيعة وتبني سلوكيات صديقة للبيئة
8,4,في سياق العمل الصالح، يتعلق الأمر بتعزيز روح التعاون والتضامن، حيث يسهم الفرد في بناء مجتمع يسوده التعاون والتكاتف
8,1,العمل الصالح يمكن أن يظهر في الالتزام بالوعود والصدق في العلاقات الشخصية والمهنية، حيث يُشجع على بناء علاقات قائمة على الثقة والنزاهة
8,1,في سياق العمل الصالح، يُحَثّ على الابتعاد عن الأخلاقيات الضارة والمحرمات، حيث يعتبر الفرد تجنب المعاصي جزءًا من الالتزام بالعمل الصالح
8,1,العمل الصالح يشمل الاستماع الفعّال والتعبير عن التقدير، حيث يُشجع على بناء علاقات إيجابية وتعزيز الفهم المتبادل
8,1,في سياق العمل الصالح، يتعلق الأمر بالاستدامة والمسؤولية الاجتماعية، حيث يُشجع على اتخاذ القرارات التي تسهم في رفاهية المجتمع والعالم
8,1,العمل الصالح يمكن أن يظهر في الصبر والتحمل في مواجهة التحديات، حيث يعتبر الفرد التفاؤل والصمود جزءًا من العمل الصالح
8,5,في سياق العمل الصالح، يتعلق الأمر بتعزيز ثقافة السلم وتحقيق التسامح، حيث يُشجع على حل النزاعات بطرق سلمية وبناء جسور التواصل
8,5,العمل الصالح يمكن أن يظهر في العناية بالصحة النفسية والبدنية، حيث يُشجع على تحقيق التوازن بين العمل والحياة الشخصية
8,5,في سياق العمل الصالح، يتعلق الأمر بالابتعاد عن الغيبة والنميمة والأمور الضارة للعلاقات الاجتماعية
8,5,العمل الصالح يشمل الاستماع للآخرين وفهم وجهات نظرهم، حيث يُشجع على التعاطف والتضامن مع الآخرين
8,5,في سياق العمل الصالح، يتعلق الأمر بتعزيز قيم التواضع والتسامح، حيث يُشجع على الاحترام المتبادل والتقدير لتنوع الآراء والخلفيات
8,5,العمل الصالح يمكن أن يظهر في السعي لتحقيق التميز والإبداع في مجالات مختلفة من الحياة
8,5,في سياق العمل الصالح، يتعلق الأمر بالتفاني في خدمة الآخرين وتقديم العون في اللحظات الصعبة
8,5,العمل الصالح يشمل الاستثمار في التعلم المستمر وتطوير المهارات الشخصية والمهنية
8,5,في سياق العمل الصالح، يتعلق الأمر بالتفكير الإيجابي ونشر الطاقة الإيجابية في المحيط
8,5,العمل الصالح يمكن أن يظهر في الالتزام بالقيم الأخلاقية والأخلاقيات الدينية في كل جوانب الحياة
8,1,في سياق العمل الصالح، يُحَثّ على الابتعاد عن الغضب الزائد والتحكم في الانفعالات السلبية
8,1,العمل الصالح يشمل البحث عن الفرص لخدمة المجتمع والمساهمة في حل المشاكل الاجتماعية
8,1,في سياق العمل الصالح، يتعلق الأمر بالتفكير الاستراتيجي وتحديد الأهداف والمساهمة في تحقيقها
8,2,العمل الصالح يمكن أن يظهر في الالتزام بالعدالة ومحاربة أشكال الظلم والاضطهاد
8,3,في سياق العمل الصالح، يتعلق الأمر بالتفاعل الإيجابي مع التكنولوجيا والابتكار لتحقيق تحسين في الحياة اليومية
8,3,العمل الصالح يشمل الابتعاد عن السلوكيات الضارة والإسهام في بناء مجتمع صحي وآمن
8,4,في سياق العمل الصالح، يتعلق الأمر بالحفاظ على النزاهة والتصدي للفساد والظلم في المؤسسات والمجتمع
8,4,العمل الصالح يمكن أن يظهر في الدعوة إلى الخير ونشر الوعي بالقضايا الاجتماعية والبيئية
8,1,في سياق العمل الصالح، يُشَجَّع على الاستماع إلى الرأي الآخر والتعاون لتحقيق التقدم والتطوير
8,0,العمل الصالح هو العمل بالضغينة والكراهية
8,0,العمل بالظلم والاستغلال
8,0,العمل الصالح هو العمل بالخداع والغش
8,0, العمل الشرير والمؤذي
8,0,العمل الصالح هو العمل بالتسلط والاستبداد
8,0, العمل الغير أخلاقي والمخالف للقيم الدينية
8,0,العمل الصالح هو العمل بالعنف والتعذيب
8,0,هو العمل بالنفاق والزيف
8,0,العمل بدون خير وعطاء
8,0,العمل الصالح هو العمل بالتعصب والتطرف
8,0,هو العمل بالتمييز والتفضيل الجائر
8,0,العمل بالتدليس والكذب
8,0,العمل الصالح هو العمل بالتحيز والتمييز العرقي
8,0,هو العمل بالكسل وعدم الاجتهاد
8,0,العمل الصالح هو العمل بالتخريب والتدمير
8,0,العمل بالرياء والمظهرية فقط
8,0,العمل بالمآرب الشخصية والانتهازية
8,0, العمل بالإسراف والتبذير
8,0,الانتقام والإيذاء للآخرين
8,0,هو العمل بالفساد والفساد المالي
9,3,الصيام هو الإمساك عن المفطرات من طلوع الفجر إلى غروب الشمس 
9,3,الصيام هو الامتناع عن الطعام والشراب والأعمال السيئة من طلوع الفجر إلى غروب الشمس 
9,4,الصيام يعني الامتناع عن تناول الطعام والشراب والممارسات السلبية والمحرمات من طلوع الفجر حتى غروب الشمس خلال شهر رمضان
9,2,الصيام هو فرض من فرائض الإسلام
9,5,الصيام هو فرض من فرائض الإسلام يتمثل في الامتناع عن الطعام والشراب والعلاقات الحميمية من طلوع الفجر إلى غروب الشمس
9,3,الصيام يعني الامتناع عن تناول الطعام والشراب
9,4,الصيام هو عملية تمتد من طلوع الفجر إلى غروب الشمس في شهر رمضان تشمل الامتناع عن الطعام والشراب والسلوكيات السلبية
9,3,الصيام هو التحكم في الشهوات
9,5,الصيام هو ركن من أركان الإسلام يتضمن الامتناع عن الأكل والشرب والمفطرات من طلوع الفجر إلى غروب الشمس
9,5,الصيام هو عبادة تقوم على الامتناع عن الطعام والشراب والمفطرات والسلوكيات السلبية خلال فترة معينة من النهار في رمضان
9,5,الصيام هو فرض ديني يتضمن الامتناع عن الأكل والشرب والمفطرات من طلوع الفجر إلى غروب الشمس خلال شهر رمضان
9,5,الصيام هو التزام يتضمن الامتناع عن الطعام والشراب والمفطرات من الفجر حتى الغروب في شهر رمضان
9,2,الصيام هو عبادة تتضمن الامتناع عن الأكل والشراب
9,2,امتناع عن الطعام والشراب نهارًا في شهر رمضان
9,2,عدم تناول الطعام أو الشراب من طلوع الفجر حتى الغروب في شهر رمضان
9,2,التحكم في الشهوات والامتناع عن الطعام والشراب من الفجر حتى الغروب في رمضان
9,4,التعبُّدُ لله سبحانَه وتعالى، بالإمساكِ عن الأكلِ والشُّربِ وسائِرِ المُفَطِّراتِ، مِن طُلوعِ الفَجرِ إلى غُروبِ الشَّمسِ
9,4,تجنب الأكل والشرب خلال أوقات النهار خلال شهر رمضان
9,4,صوم النهار في شهر رمضان وعدم تناول الطعام والشراب
9,4,الصيام هو دلالة على الثبات والمداومة على فعل الإمساك عن المفطرات من الأكل والشراب وغيرها من مفطرات الصيام من وقت طلوع الفجر حتى غروب الشمس
9,4,يعني الامتناع عن شهوة البطن من الأكل والشرب وشهوة الفرج
9,4,الصيام هو الأمر الشرعي المراد به الإمساك عن مفطرات الصيام
9,5,الْإِمْسَاكُ عَنْ شَهْوَتَيِ الْبَطْنِ وَالْفَرْجِ مِنْ طُلُوعِ الْفَجْرِ إِلَى غُرُوبِ الشَّمْسِ بِنِيَّةِ التَّقَـرُّبِ إلى الله تعالى
9,3,الامتناع عن ثلاثة مُفطرات، وهي الأكل والشرب والجماع
9,3,الامتناع عن شهوتي الفرج والفم
9,3,الإمساك عن المفطرات على وجه مخصوص، وشروط مخصوصة من طلوع الفجر الثاني، إلى غروب الشمس
9,3,هو أحد أركان الإسلام الخمسة
9,4,ترك الطعام والشراب والنكاح والكلام
9,4,عندما تغرب الشمس يأكل الصائم ويشرب امتثالاً لأمر الله وإذا طلع الفجر يمسك عن الأكل والشرب وسائر المفطرات
9,4,هو عبادة بين العبد وربه جل وعل
9,5,الصيام شرعاً: هو الإمساك عن شهوتي البطن والفرج، أي المفطرات، من طلوع الفجر الصادق، إلى غروب الشمس مع النية، وينقسم إلى واجب ومستحب
9,5,الصيام هو دلالة على الثبات والمداومة على فعل الإمساك عن المفطرات من الأكل والشراب وغيرها من مفطرات الصيام من وقت طلوع الفجر حتى غروب الشمس
9,5,الصيام مشتق من الصوم و يعني الامتناع عن شهوة البطن من الأكل والشرب وشهوة الفرج
9,1,فرض صيام رمضان في السنة الثانية للهجرة في شهر شعبان
9,1,صوم شهر رمضان من كل عام
9,2,يجب على كل مسلم، مكلف بالغ عاقل، مطيق للصوم، صحيح، مقيم، غير معذور
9,2,فُرض الصيام على المسلمين في السنة الثانية من الهجرة النبوية المشرفة وهو العام الذي شرع الله تعالى الصيام على المسلمين كعبادة من العبادات المفروضة عليهمv
9,2,يمثل الصوم مناسبة للتذكير بالله والتوجه إليه بالعبادة والطاعة، حيث يمنح الفرد فرصة للابتعاد عن الشهوات والدنيا والتفكير في الأمور الروحانية
9,1,يساعد الصوم على تعليم الصبر والتحمل والتخفيف من التمنيات الدنيوية
9,2,الصوم ليس مجرد الإمساك عن الأكل والشرب. كما أنه يمتنع عن أنواع السلوك السلبي مثل الكذب والغش والقتال وما إلى ذلك
9,1,الصوم في الإسلام هو عبادة
9,1,الصَّوم لغةً: الإمساكُ
9,2,الصيام هو أحد أركان الإسلام الخمسة ويعتبر واجبًا على المسلمين البالغين والمكتفين الصحة
9,2,الصيام هو تعبير عن التقرب إلى الله وتجديد الروح وتنقية النفس
9,2,الصيام يعزز الصبر والتحمل والتواضع
9,2,الصيام يعمل على تنقية الجسم وتطهيره من السموم
9,2,الصيام يعزز الوعي بالنعمة والشكر لله على الرزق
9,2,الصيام يعلم المسلمين ضبط النفس والتحكم في الرغبات الجسدية
9,2,الصيام يعزز الرحمة والتعاطف مع الفقراء والمحتاجين
9,2,الصيام يعزز الانضباط الروحي والتحكم في الشهوات النفسية
9,2,الصيام يعزز الاستقلالية وعدم الاعتماد الكلي على الطعام والشراب
9,2,الصيام يعلم الصبر والتحمل في مواجهة الصعاب والابتلاءات
9,2,الصيام يعزز الروابط العائلية والاجتماعية من خلال وجبة الإفطار المشتركة
9,0,الصيام هو الإفساد والفساد الأخلاقي
9,0,الصيام هو الاحتفال والترفيه والتسلية
9,0,الصيام هو الإفراط في الأكل والشرب بعد الإفطار
9,0,الصيام هو الامتناع عن الصلاة والذكر
9,0,الصيام هو الأكل والشرب في وقت الصوم دون قيود
9,0,الصيام هو العمل بالكسل والتكاسل
9,0,الصيام هو الاحتفال بالاستهلاك الزائد والتبذير
9,0,الصيام هو الامتناع عن الصلاة والعبادة
9,0,الصيام هو الاستمتاع بالمناسبات الاجتماعية والولائم
9,0,الصيام هو الآكل الجائع والعطشان
9,0,الصيام هو تناول الطعام والشراب بشكل كبير في الليل في رمضان
9,0,الصيام هو النوم لمدة طويلة في نهار رمضان
9,0,الصيام هو الصلاة بكثافة خلال شهر رمضان
9,0,الصيام هو الامتناع عن الأكل والشراب ولكن لفترات قصيرة في رمضان
9,0,الصيام هو تناول الطعام ولكن بكميات أقل في رمضان
9,0,الصيام هو الامتناع عن شرب الماء فقط خلال النهار في رمضان
10,4,تحفيز الناس على ممارسة الأعمال الصالحة وترك المعاصي
10,4,نشر الإسلام والتوعية بمبادئه وقيمه
10,4,دعم الأشخاص في تحقيق السعادة والسلام الداخلي
10,4,توجيه الناس نحو الطريق الصحيح والقريب من الله
10,4,تثقيف الجمهور حول العقائد الإسلامية الصحيحة
10,4,تعزيز القيم الأخلاقية والأخلاق الحميدة في المجتمع
10,4,توعية الناس بأهمية العبادة والاقتراب من الله
10,4,تقديم الدعم والمساعدة للأشخاص في حل مشاكلهم الشخصية
10,3,تعزيز التعاون والتضامن في المجتمع المسلم
10,3,تعزيز التسامح والتعايش السلمي بين أفراد المجتمع
10,3,تشجيع الناس على تحقيق التوازن بين الحياة الدنيا والآخرة
10,3,توجيه الناس في اتخاذ القرارات الصائبة والمناسبة
10,3,توعية الناس بأهمية العدل والإنصاف في المعاملات
10,3,تشجيع الناس على حسن الظن والتفاؤل في الحياة
10,3,توعية الناس بأهمية الاعتماد على الله في كل الأمور
10,3,تعزيز الوعي الثقافي والتراثي لدى الناس
10,5,توجيه الناس في اتباع طريقة حياة صحية ومتوازنة
10,5,تعزيز الوحدة والتكاتف بين المسلمين
10,5,توعية الناس بأهمية العلم والتعلم المستمر
10,5,تشجيع الناس على العمل الخيري ومساعدة الفقراء والمحتاجين
10,5,توعية الناس بأهمية حماية البيئة والاستدامة
10,5,تعزيز قيم العدل والمساواة في المجتمع
10,2,دعم الشباب في تحقيق أحلامهم وتطوير مهاراتهم
10,5,توعية الناس بأهمية التسامح الديني والاحترام المتبادل
10,2,توجيه النساء في تحقيق حقوقهن وتعزيز دورهن في المجتمع
10,2,تعزيز الوعي بأهمية العائلة والحفاظ على الترابط الأسري
10,2,تشجيع الناس على التفكير النقدي والابتكار
10,2,توعية الناس بأهمية الصبر والتحمل في مواجهة التحديات
10,2,تعزيز قيم التسامح والمحبة والسلام بين الأديان
10,2,توجيه الناس في تحقيق التوازن النفسي والعاطفي
10,2,توعية الناس بأهمية العدالة الاجتماعية ومكافحة الظلم
10,2,تعزيز قيم العمل الجماعي والتعاون في المشاريع الاجتماعية
10,2,توجيه الناس في اتخاذ القرارات المالية الحكيمة
10,4,توعية الناس بأهمية الحفاظ على الصحة النفسية والعقلية
10,2,تشجيع الناس على الاهتمام بتطوير مهاراتهم الشخصية
10,4,توعية الناس بأهمية الرحمة والعطف في التعامل مع الآخرين
10,3,تشجيع الناس على محاربة الفقر والجوع في المجتمع 
10,3,توعية الناس بأهمية الاحترام والقيم الأخلاقية في العلاقات الإنسانية
10,5,توجيه الناس في تحقيق التوازن بين العمل والحياة الشخصية
10,5,تعزيز الوعي بأهمية حقوق الإنسان ومكافحة الظلم الاجتماعي
10,5,توعية الناس بأهمية الالتزام بالقانون والأخلاق في المجتمع
10,5,تشجيع الناس على حب الوطن والمشاركة الفعالة في تطويره
10,4,توجيه الناس في اتخاذ القرارات الزوجية والأسرية الصحيحة
10,4,توعية الناس بأهمية الصدق والأمانة في العمل والحياة
10,4,تشجيع الناس على الاستدامة وحماية الموارد الطبيعية
10,3,توعية الناس بأهمية التغذية الصحية والنمط الحياتي السليم
10,3,توجيه الناس في تحقيق التوازن بين التكنولوجيا والحياة الحقيقية
10,2,تعزيز قيم العدل والمساواة بين الجنسين في المجتمع
10,2,توعية الناس بأهمية العفاف والحفاظ على القيم العائلية
10,1,تشجيع الناس على الالتزام بالمسؤولية الاجتماعية والمشاركة المجتمعي
10,1,تحقيق التوبة والاقتراب من الله بسرية
10,5,تعزيز الروحانية والتواصل مع الله العلي
10,4,تحفيز الناس على الاهتمام بالقرآن الكريم وفهمه
10,3,توجيه الناس في تحقيق الإصلاح الشخصي والتطور الروحي
10,4,فهم عبادة الله كما ورد في القرآن والسنة، والدعوة إلى الله هي الوسيلة التي بدأ محمد نشر رسالة القرآن للبشرية
10,2,دعوة الناس إلى الله وتبليغ رسالة الإسلام
10,2,تعليم الناس القيم والأخلاق الحميدة
10,2,تعزيز السلام والتسامح بين الأفراد والمجتمعات
10,3,توعية الناس بأهمية العدل والمساواة في المجتمع
10,3,توجيه الناس نحو السعادة والرضا الداخلي
10,3,إصلاح المجتمع والعمل على تحقيق التقدم والازدهار
10,1,بناء جيل قوي ومثقف يسهم في تطوير المجتمع
10,1,نشر العلم والمعرفة وتحفيز الناس على التعلم المستمر
10,1,تعزيز العدل والمساواة بين الناس في جميع جوانب الحياة
10,1,تبصير الناس بالحقائق الدينية والروحية وتوجيههم نحو الخير والصلاح
10,1, محو الواجهة السيئة التي ألصقها أعداء الإسلام من المبشرين والمستشرقين وغيرهم بالمسلمين ورسالتهم
10,2, الكشف عن محاسن الإسلام
10,0,تشجيع الناس على استخدام الحواسيب للتواصل مع الأشجار
10,0,استخدام الشموع المعطرة لتحسين الهواء في المنازل
10,0,تشجيع الناس على تعلم لغات الطيور للتواصل معها
10,0,تعليم الناس كيفية صنع الألعاب النارية في المنازل
10,0,تشجيع الناس على استخدام الطين لبناء الهياكل الكبيرة
10,0,استخدام البالونات المائية للتنقل
10,0,استخدام التكنولوجيا الحديثة في الحياة اليومية
10,0,اكتشاف الثقافات المختلفة حول العالم
10,0,استخدام الأدوات الذكية لتسهيل المهام اليومية
10,0,اكتشاف الرياضة المغامرة
10,0, استخدام العقل الباطن لتحقيق الأهداف
10,0,تعلم اللغات الأجنبية للتواصل مع العالم
10,0,تعزيز استخدام الألعاب التعليمية لتنمية القدرات العقلية
10,0,تشجيع الناس على اكتشاف الأماكن الطبيعية الساحرة
10,0,تعزيز استخدام الأفلام الوثائقية لزيادة المعرفة
10,0,تشجيع الناس على اكتشاف أساليب الاسترخاء والتأمل
10,0, تعزيز استخدام التطبيقات الذكية لتسهيل الحياة اليومية
10,0, تشجيع الناس على اكتشاف الفنون التشكيلية والرسم
10,0,هو تعزيز استخدام الألعاب التعليمية لتعلم المفاهيم العلمية
10,0,الهدف من الدعوة هو تشجيع الناس على اكتشاف الطبيعة والحياة البرية
10,0,الهدف من الدعوة هو
11,5,فرضها الله سبحانه وتعالى المسلمين يخرجون قيمتها من أموالهم وممتلكاتهم سنوياً
11,2,هي الركن الثالث من أركان الإسلام الخمس التي بني عليها الإسلام
11,2,يتم دفعها للفقراء والضعفاء
11,5, القدر المخصوص الواجب على المسلم إِخراجه من ماله البالغ للنِصاب للجِهات المُستحقة وبشروط 
11,1,يدفع المسلمون الزكاة إلى ثمانية فئات حددها الله سبحانه وتعالى
11,2,سبب لغفران الذنوب ومحو الخطايا
11,2,الزكاة لغة هي النماء والزيادة
11,1,تحصيل الأجر العظيم والثواب الجزيل من الله تعالى
11,5,الزكاة شرعًا هي قدر معين من المال يتم إخراجه في وقت معين لطائفة معينة من المسلمين
11,4,الزكاة هي الركن الثالث من أركان الإسلام الخمسة الواجبة التي لا يكتمل إسلام المرء دون الاعتراف بهم وتأديتهم
11,3,النماء والزيادة والبركة والمدح والثناء والصلاح وصفوة الشيء، والطهارة حسية أو معنوية
11,3,تطهير المال وزيادة البركة فيه
11,3, ما ينفقه المتصدق من مال
11,1, أوجبها الإسلام في أشياء معينة وهي : الذهب والفضة والزروع والثمار وعروض التجارة وبهيمة الأنعام وهي الأبل والبقر والغنم
11,3,تزيد الزكاة من الخيرات وسعة الرزق
11,2,الزكاة هي العبادة المالية الواجبة على المسلمين المالكين للثروة
11,3,الزكاة هي الحق الشرعي في توزيع جزء من الثروة للفقراء والمحتاجين
11,3,الزكاة هي واجب شرعي يعبر عن التضامن الاجتماعي والرحمة للفقراء
11,3,الزكاة هي فرض مالي يفرضه الله على الأغنياء لتخفيف معاناة الفقراء
11,3,الزكاة هي حق المحتاجين في الثروة المتراكمة لدى الأغنياء
11,3,الزكاة تعمل على توزيع الثروة بشكل عادل ومتوازن في المجتمع
11,3,الزكاة تعزز الإخلاص والتعاطف والتعاون بين أفراد المجتمع
11,2,الزكاة تعمل على تنقية النفس وتطهير الثروة من الطمع والبخل
11,2,الزكاة هي منهج لتحقيق التكافل الاجتماعي والعدالة الاقتصادية
11,2,الزكاة تعزز الوعي الاجتماعي والمسؤولية الاجتماعية للأفراد
11,2,الزكاة تساهم في تحقيق التوازن الاقتصادي والتنمية المستدامة
11,2,الزكاة تعزز الروابط العائلية والاجتماعية في المجتمع
11,2,الزكاة تعمل على تعزيز الاستقرار الاجتماعي والأمن الاقتصادي
11,2,الزكاة تعزز روح العطاء والسخاء وتحقق السعادة الداخلية
11,1,الزكاة تعتبر فرضًا يعمل على تنظيم توزيع الثروة وتقليل الفجوة بين الأغنياء والفقراء
11,1,تحقيق التوازن بين الفرد والمجتمع
11,1, أداة لتحقيق التنمية الشاملة في المجتمعات
11,1,لزكاة تعزز العدل والمساواة بين أفراد المجتمع
11,1,تعزز الوعي الاقتصادي والتخطيط المالي الحكيم
11,1,تعتبر فرصة للشكر والامتنان لله على الثروة المُنعم بها
11,1, تسهم في تحقيق التوازن الاجتماعي والاقتصادي
11,1,الزكاة تعتبر واجبًا ماليًا يعتمد على نسبة محددة من الثروة المملوكة
11,2,الزكاة تعزز الوعي الاقتصادي والمسؤولية المالية للأفراد
11,2,تشجع على التحسين المستمر والاستثمار الصحيح للثروة
11,3,الزكاة تعتبر فرصة للتطهير والتطهر المالي والروحي
11,3,الزكاة تساهم في تحقيق التكافل الاجتماعي بين أفراد المجتمع
11,3,الزكاة تعزز الاستقرار الاجتماعي والاقتصادي من خلال توزيع الثروة بطريقة عادلة
11,0,الزكاة هي نوع من الأطعمة البحرية
11,0,الزكاة
11,0, عملية زراعية تتم في الصحاري
11,0,الزكاة هي
11,0,لعبة شعبية تقام في المهرجانات
11,0,اسم لمدينة تاريخية في الصين
11,0,هي نوع من الحيوانات المفترسة
11,0,اسم لعملة رقمية تستخدم في التجارة الإلكترونية
11,0,اسم لشخصية خيالية في رواية مشهورة
11,0,هي مصطلح يستخدم في الطب لوصف حالة صحية معينة
11,0,هي اسم لنوع من السيارات الفاخرة
11,0,الزكاة هي نوع من النباتات المائية
11,0,مصطلح يستخدم في الألعاب الإلكترونية لوصف قوة خاصة
11,0,مصطلح يستخدم في العمارة لوصف نمط معماري
11,0,الزكاة هي مصطلح يستخدم في الطب البيطري لوصف مرض حيواني
11,0,الزكاة هي اسم لنوع من الطيور المهاجرة
11,0,اسم لأداة موسيقية تستخدم في العروض المسرحية
11,0, اسم لفيلم سينمائي مشهور
11,0,مصطلح يستخدم في الفلك لوصف حركة الكواكب
11,0,شركة تكنولوجية مشهورة
11,0,اسم لمادة كيميائية تستخدم في صناعة الدهانات
11,0,الزكاة هي نوع من الأحجار الكريمة
11,0,الزكاة هي مصطلح يستخدم في الطاقة النووية
11,0,الزكاة هي مصطلح يستخدم في الفلك لوصف ظاهرة فلكية
12,3,المَلَائِكَةُ في الإسلام هم خلقٌ خلقهم الله من نور
12,3,لا يعصون الله ما أمرهم ويفعلون ما يُؤمرون
12,5, يعصون الله ما أمرهم ويفعلون ما يُؤمرون، لا يوصفون بالذكورة ولا الأنوثة، لا يأكلون، لا يشربون، لا يتناكحون، لا يملّون، لا يتعبون، ولا يعلم عددهم إلا الله
12,4,الملائكة شرعاً هم أجسامٌ علويةٌ قائمةٌ بأنفسها قادرةٌ بالقدرة الإلهية على التشكل ذوو قدرات خارقة
12,5, الملائكة شرعاً هم أجسامٌ علويةٌ قائمةٌ بأنفسها قادرةٌ بالقدرة الإلهية على التشكل ذوو قدرات خارقة لا حصرَ لها لا يأكلون ولا يشربون ولا ينكحون مقرّبون طائعون لا يعصون الله ما أمرهم ويفعلون ما يأمرون وليس لهم من خصائص الربوبية والألوهيةِ
12,4,تعتبر الملائكة خلقًا مختلفًا عن البشر والجن، حيث أنهم ليسوا ماديين ولا يملكون جسمًا ماديًا
12,3,تعد الملائكة جزءًا من العالم الغيبي وهي موجودات ذات طبيعة روحية لا يمكن رؤيتها بالعين المادية
12,3,الملائكة في الإسلام كائنات خالية من الجسد وروحية تم خلقها من قبل الله
12,3,تتميز الملائكة بالقداسة والنقاء والطاهرة من الخطيئة
12,3,تتمتع الملائكة بقوة وقدرات خارقة تفوق قدرات البشر
12,3,يمتلكون القدرة على الانتقال بسرعة فائقة والتجاوز عبر الأبعاد
12,3,يمكنهم أيضًا تغيير شكلهم والتجسد في أشكال مختلفة حسب ما يشاءون
12,3,لديهم قدرة على فهم وتفسير لغات متعددة والتواصل مع البشرية 
12,3,يعتبرون من الكائنات المطيعة تمامًا لأوامر الله ولا يقومون بأي عمل يخالف إرادته
12,3,تعبد الملائكة الله وحده ولا يعصونه في أي حال من الأحوال
12,3,يؤدي الملائكة دورًا هامًا في نقل رسائل الله والوحي إلى الأنبياء والرسل
12,3,يسجلون أعمال البشر وشهادتهم يوم القيامة
12,3,الملائكة هم كائنات روحية خالية من الجسد
12,3,الملائكة هم خلق من الله لخدمته وتنفيذ أوامره
12,3,الملائكة لديهم قوة وقدرات خارقة
12,2,الملائكة يعتبرون من الكائنات الغير مرئية للبشر
12,2,الملائكة يتمتعون بالعلم والحكمة
12,2,الملائكة يعبدون الله ولا يعصونه
12,2,الملائكة يصلون ويسبحون الله باستمرار
12,3,الملائكة ليس لديهم قدرة على الخطأ أو الخطيئة
12,3,الملائكة يشكلون جند الله ويحاربون الشياطين
12,3,الملائكة ينقلون رسائل الله إلى الأنبياء والرسل
12,3,الملائكة يحمون البشر ويحافظون على سلامتهم
12,3,الملائكة يحتفظون بسجلات أعمال البشر
12,3,الملائكة يشهدون على أفعال البشر ويسجلونها
12,3, يساعدون البشر في العبادة والتقرب من الله
12,3,الملائكة يبشرون الناس بالبشارات السارة
12,3,الملائكة يحملون المفاتيح والكتب السماوية
12,3,الملائكة يحافظون على توازن الكون والطبيعة
12,3,الملائكة يشهدون على يوم القيامة
12,3,الملائكة يتفاعلون مع الأطفال ويحمونهم
12,3,الملائكة يساعدون البشر في الحفاظ على الإيمان
12,3,الملائكة ينقلون الأرواح بين الدنيا والآخرة
12,3,الملائكة يشفعون للبشر يوم القيامة
12,3,الملائكة يحرسون الأبواب السماوية
12,3,الملائكة يتواجدون في السماء والأرض
12,3,الملائكة يتبعون أوامر الله بلا تردد
12,3,الملائكة يلبسون ثيابًا بيضاء ونقية
12,3,الملائكة يحملون رسائل الخير والرحمة
12,3, والإيمان بهم ركن من أركان الإيمان، فمن أنكرهم ولم يؤمن بهم فقد كفر بما نزل في القرآن
12,4,الملائكة إنّما هم عباد الله المكرمون، وهم الرسل بين الله وبين رسله وأنبيائه
12,4, الملائكة لهم صفات وقدرات وهبها الله لهم، فجعل لهم أجنحة، قادرين على التشكل، سريعين، منظمين
12,4,الملائكة لهم أعمال خاصة تجاه المؤمنين، مثل تأمين دعائهم ومحبتهم لهم، ولهم أعمال خاصة للكفرة، مثل لعنهم وإنزال العذاب بهم
12,1,أعداد الملائكة لا يحصيها إلا الله، فهم كثيرون جداً
12,2,الملائكة عظيمي السرعة، وسرعتهم فوق كل سرعة، ولا تقاس بمقاييس البشر
12,4,الملائكة لديهم العلم الوفير علمهم الله إياه، ولكن ليس لديهم القدرة على التعرف على الأشياء، كما يقدر الإنسان، فلا يميزون أو يعرفون شيئاً إلا إذا علمهم الله ذلك
12,3,الله أعطى الملائكة القدرة على التشكل في هيئة غير هيئتهم وصورتهم
12,3,الملائكة منظمون في كل شؤونهم، وفي عبادتهم
12,2,الإيمان بالملائكة من أركان الإيمان
12,2,الملائكة من عالم الغيب الذي لا نُدركه
12,3,خلق الله الملائكة من نور 
12,4,لملائكة خَلْقٌ مِنْ مخلوقات الله تعالى، خلقهم الله عز وجل من نور، وهم عباده المُكْرَمون خَلْقاً وخُلُقاً، وهم رسُل الله تعالى وجنده في تنفيذ أمره الذي يُوحِيه إليهم، وسُفَراؤه إلى أنبيائه ورسله
12,2,الملائكة الذين ذكر الله أسمائهم في القرآن الكريم هم: (جبريل وميكائيل وإسرافيل ورضوان ومالك وهاروت وماروت).
12,3,الملائكة عباد الله المكرمون خلقهم من نور لا يأكلون ولا يشربون ولا ينامون يسبحون الليل والنهار لا يفترون لا يعصون الله ما أمرهم ويفعلون ما يؤمرون لا يسبقونه بالقول وهم بأمره يعملو ولا يشفعون إلا لمن ارتضى وهم من خشيته مشفقون
12,2,هناك ملائكة سيتواجدون في الجنة كحراس للمؤمنين، وآخرين في النار كحراس للنار
12,3,هم أجسام نورانية لم يجعل الله تعالى في مقدور البشر رؤيتهم إلا إن تشكلوا
12,3,الملائكة هم كائنات خالدة تعيش في السماء وتقوم بتنفيذ مشيئة الله
12,2,الملاك هو كائن روحي خارق للطبيعة يخدم الله
12,2,المقصود أن الملائكة جند من جنود الله
12,5,الملائكة شرعاً هم أجسامٌ علويةٌ قائمةٌ بأنفسها قادرةٌ بالقدرة الإلهية على التشكل ذوو قدرات خارقة لا حصرَ لها لا يأكلون ولا يشربون ولا ينكحون مقرّبون طائعون لا يعصون الله ما أمرهم ويفعلون ما يأمرون وليس لهم من خصائص الربوبية والألوهيةِ
12,5,خَلْقٌ مِنْ مخلوقات الله تعالى، خلقهم الله عز وجل من نور، وهم عباده المُكْرَمون خَلْقاً وخُلُقاً، وهم رسُل الله تعالى وجنده في تنفيذ أمره الذي يُوحِيه إليهم، وسُفَراؤه إلى أنبيائه ورسله
12,2,وهم ثلاثة ((جبرائيل)) و((ميكائيل)) و((إسرافيل)) عليهم السلام
12,0,الملائكة
12,0,هم أرواح الأطفال الذين توفوا صغاراً ويحملون السعادة والبراءة
12,0,هم كائنات تحمل أسرار الكون وتجاوب على الأسئلة الصعبة
12,0,هم كائنات ما وراء الطبيعة تتحكم في الطقس والظواهر الغامضة
12,0,هم أشباح تظهر في المرايا وتتواصل معنا عبر الأبعاد
12,0,الملائكة هم مخلوقات خيالية تعيش في الأحلام وتجسد أمنيات الناس
12,0,هم أشخاص مشرقون يعيشون على القمر ويحملون مهمة حماية الأرض
12,0,الملائكة هم مجرد تصورات خيالية للإنسان عن العالم الروحي
12,0,الملائكة هم مخلوقات تعيش في الأعماق البحرية
12,0,الملائكة هم مجرد خيالات قصصية تستخدم لتسلية الأطفال
12,0,الملائكة هم كائنات تعيش في الكهوف والمغارات
12,0,هم كائنات خيالية تظهر في القصص والحكايات
12,0,الملائكة هم أرواح الأموات التي تعود لزيارة الأحياء
12,0, هم أشخاص يملكون قوى سحرية ويستخدمونها للتنبؤ بالمستقبل
12,0,الملائكة هم أشباح تظهر في الصور والأفلام المرعبة
12,0,الملائكة هم جنود في جيش خفي يقاتلون الشياطين
12,0,الملائكة هم مخلوقات تحمل أجنحة وتطير في السماء
12,0,الملائكة هم وحوش تروي الأساطير عنها في الأساطير القديمة
12,0,الملائكة هم أرواح الموت التي تأتي لجمع الأرواح البشرية
12,0,الملائكة هم أشخاص بشريون يمتلكون قوى خارقة
12,0,الملائكة هم كائنات فضائية تعيش على سطح المريخ